"Tilda UID";Brand;SKU;Mark;Category;Title;Description;Text;Photo;Price;Quantity;"Price Old";Editions;Modifications;"External ID";"Parent UID";Weight;Length;Width;Height
947081899672;;;;"Антибактериальные;Свиньи;КРС;МРС;Собаки;Кошки";"АЗИТРИКОН РАСТВОР";"Антибактериальный препарат с местноанестезирующим действием";"<div style=""font-size: 20px; line-height: 26px;"" data-customstyle=""yes""><strong style=""color: rgb(4, 77, 39);"">ПРЕИМУЩЕСТВА </strong><br />- Относится к препаратам с антибактериальным и местноанестезирующим действием; - При внутримышечном введении быстро всасывается (5-15 мин); - Терапевтическая концентрация сохраняется в организме не менее 72 часов.<br /><strong style=""color: rgb(4, 77, 39);"">ПОКАЗАНИЯ К ПРИМЕНЕНИЮ </strong><br />Препарат применяют для лечения крупному рогатому скоту, овцам, козам, свиньям, кошкам и собакам при бактериальных инфекциях органов дыхания, пищеварительной и мочеполовой системы, а также инфекциях кожи и мягких тканей, вызываемых микроорганизмами, чувствительными к азитромицину, для терапии некробактериоза, рожи свиней и микоплазменных инфекций. <br /><strong style=""color: rgb(4, 77, 39);"">ПОРЯДОК ПРИМЕНЕНИЯ </strong><br />Крупному рогатому скоту, овцам, козам и свиньям: однократно внутримышечно в дозе 1 мл на 20 кг массы животного. При тяжелых поражениях легочной ткани возможна повторная инъекция препарата через 3-5 суток. Не вводить более 7,5 мл в одно место инъекции. Собакам и кошкам: внутримышечно или подкожно в дозе 1 мл на 10 кг массы животного один раз в сутки в течение 3-5 дней. <br /><strong style=""color: rgb(4, 77, 39);"">СРОКИ ОЖИДАНИЯ </strong><br />Запрещается применение препарата лактирующим животным. Мясо: крс – 45 дней, свиньи – 40 дней.<br /><strong style=""color: rgb(4, 77, 39);"">СРОК ОЖИДАНИЯ</strong><br />Запрещается применение препарата лактирующим животным. Мясо: крс – 45 дней, свиньи – 40 дней.<br /><strong style=""color: rgb(4, 77, 39);"">ФОРМА ВЫПУСКА </strong><br />Стеклянные флаконы по 100 мл.<br /><strong style=""color: rgb(4, 77, 39);"">СРОК ГОДНОСТИ И УСЛОВИЯ ХРАНЕНИЯ</strong><br />2 года от даты изготовления при температуре от 2 ºС до 25 ºС.<br /><strong style=""color: rgb(4, 77, 39);"">СОСТАВ</strong><br />В 1,0 мл препарата содержится 100 мг азитромицина и 10 мг лидокаина гидрохлорида; вспомогательные вещества: кислота лимонная, натрия гидроксид, тиоглицерол, пропиленгликоль, вода для инъекций.</div>";https://static.tildacdn.com/stor6632-3262-4536-b337-313862666630/8aa3a8a0b5650aa5fda666bbedf717a2.png;0;;;;;863983274147;;0;0;0;0
883702235672;;;;"Антибактериальные;Свиньи;КРС;МРС;Собаки;Кошки";"ДИСТРЕП 400 LA СУСПЕНЗИЯ";"Антибактериальный препарат";"<div style=""font-size: 20px;"" data-customstyle=""yes""><strong style=""color: rgb(4, 77, 39); line-height: 20px;"">ПРЕИМУЩЕСТВА </strong><br />- Широкий спектр антимикробного действия; - Терапевтическая концентрация препарата сохраняется до 72 часов; - Однократного применения.<br /><strong style=""color: rgb(4, 77, 39); line-height: 20px;"">ПОКАЗАНИЯ К ПРИМЕНЕНИЮ </strong><br />Применяют для лечения крупного и мелкого рогатого скота, свиней, собак и кошек при инфекциях дыхательных путей, почек и мочевыводящих путей, опорно-двигательного аппарата, инфекциях кожи и мягких тканей, метрите, мастите, лептоспирозе, роже свиней и др.<br /><strong style=""color: rgb(4, 77, 39); line-height: 20px;"">ПОРЯДОК ПРИМЕНЕНИЯ </strong><br />Препарат вводят внутримышечно или подкожно, однократно в следующих дозах: - взрослому крупному рогатому скоту и свиньям – 5,0-10,0 мл на 100 кг массы тела животного; - телятам, поросятам, овцам – 1,0-2,0 мл на 25 кг массы тела животного; - собакам и кошкам– 0,2-0,4 мл на 5 кг массы тела животного.<br /><strong style=""color: rgb(4, 77, 39); line-height: 20px;"">СРОКИ ОЖИДАНИЯ </strong><br />Молоко – 7 дней. Мясо: свиньи – 35 дней, овцы – 30 дней, крс – 49 дней.<br /><strong style=""color: rgb(4, 77, 39); line-height: 20px;"">СРОК ГОДНОСТИ И </strong><br /><strong style=""color: rgb(4, 77, 39); line-height: 20px;"">УСЛОВИЯ ХРАНЕНИЯ </strong><br />2 года при температуре от плюс 2 ºС до плюс 8 ºС и 12 месяцев при температуре от плюс 8 ºС до плюс 25 ºС.<br /><strong style=""color: rgb(4, 77, 39); line-height: 20px;"">ФОРМА ВЫПУСКА </strong><br />Стеклянные флаконы по 100 мл.<br /><strong style=""color: rgb(4, 77, 39); line-height: 20px;"">СОСТАВ</strong><br />В 1,0 мл препарата содержится 200 мг дигидрострептомицина сульфата, 120 мг бензилпенициллина прокаина, 80 мг бензилпенициллина бензатина; вспомогательные вещества. </div>";https://static.tildacdn.com/stor3663-6634-4164-a430-386131326363/d65c42611f66fa57d73a33b20a53c5ed.png;0;;;;;FyRO21CvKlASfO5Lrafe;;0;0;0;0
108331981652;;;;"Антибактериальные;Свиньи;КРС;МРС;Собаки;Кошки";"ДУОЦИЛЛИН LA СУСПЕНЗИЯ";"Антибактериальный препарат пролонгированного действия";"<div style=""font-size: 20px;"" data-customstyle=""yes""><strong style=""color: rgb(4, 77, 39);"">ПРЕИМУЩЕСТВА</strong><br />- Длительное сохранение терапевтической концентрации; <br />- Краткий срок ожидания по молоку; <br />- Лечение инфекций бактериальной этиологии. <br /><strong style=""color: rgb(4, 77, 39);"">ПОКАЗАНИЯ К ПРИМЕНЕНИЮ</strong><br />Препарат применяют крупному и мелкому рогатому скоту, свиньям, собакам и кошкам при послеродовых инфекциях, маститах, стафилококкозе, стрептококкозе, лептоспирозе, эризипелоиде, бронхопневмониях, артритах и других заболеваниях, вызванных возбудителями, чувствительными к бензилпенициллину. <br /><strong style=""color: rgb(4, 77, 39);"">ПОРЯДОК ПРИМЕНЕНИЯ</strong><br />Препарат вводят внутримышечно, двукратно, c интервалом в 72 часа в следующих дозах: - взрослому крупному рогатому скоту 1,0 мл на 25 кг массы животного; - телятам, овцам, козам, свиньям 1,0 мл на 20 кг массы животного; - собакам и кошкам 1,0 мл на 10 кг массы животного. <br /><strong style=""color: rgb(4, 77, 39);"">СРОКИ ОЖИДАНИЯ</strong><br />Молоко – 3 дня. Мясо: крс и свиньи – 70 дней, овцы – 56 дней.<br /><strong style=""color: rgb(4, 77, 39);"">СРОК ГОДНОСТИ И</strong><br /><strong style=""color: rgb(4, 77, 39);"">УСЛОВИЯ ХРАНЕНИЯ</strong><br />2 года от даты изготовления при температуре от 2 ºС до 15 ºС.<br /><strong style=""color: rgb(4, 77, 39);"">ФОРМА ВЫПУСКА</strong><br />Стеклянные флаконы по 100 мл.<br /><strong style=""color: rgb(4, 77, 39);"">СОСТАВ</strong><br />В 1,0 мл препарата содержится 136 мг бензилпенициллина в форме прокаиновой и бензатиновой солей; вспомогательные вещества.</div>";https://static.tildacdn.com/stor3836-6538-4334-b034-636430313363/acffe34547fc1d5db16b3364041de300.png;0;;;;;Ceg7DUPP2zT8IMHdEgMM;;0;0;0;0
216343738202;;;;"Антибактериальные;Свиньи;КРС;МРС;Собаки;Кошки";"ТРИМЕТОКС ТАБЛЕТКИ";"Антибактериальный препарат";"<div style=""font-size: 20px;"" data-customstyle=""yes""><strong style=""line-height: 20px; color: rgb(4, 77, 39);"">ПРЕИМУЩЕСТВА </strong><br />- Комбинированное действие веществ; <br />- Быстро всасывается в кровь; <br />- Не вызывает побочных явлений.<br /><strong style=""line-height: 20px; color: rgb(4, 77, 39);"">ПОКАЗАНИЯ К ПРИМЕНЕНИЮ </strong><br />Препарат применяют с лечебной целью молодняку крупного и мелкого рогатого скота, свиньям, собакам и кошкам при колибактериозе, пастереллезе, сальмонеллезе, микоплазмозе, стафилококкозе, стрептококкозе, смешанных инфекциях, бактериальных осложнениях вирусных заболеваний.<br /><strong style=""line-height: 20px; color: rgb(4, 77, 39);"">ПОРЯДОК ПРИМЕНЕНИЯ </strong><br />Применяют внутрь групповым способом в смеси с кормом или индивидуально с водой два раза в сутки с равными интервалами в дозе: одна таблетка на 10 кг массы животного в течение 5-7 дней. При применении препарата групповым способом с кормом таблетки следует измельчить. <br /><strong style=""line-height: 20px; color: rgb(4, 77, 39);"">СРОКИ ОЖИДАНИЯ </strong><br />Мясо – 7 дней. <br /><strong style=""line-height: 20px; color: rgb(4, 77, 39);"">СРОК ГОДНОСТИ И </strong><br /><strong style=""line-height: 20px; color: rgb(4, 77, 39);"">УСЛОВИЯ ХРАНЕНИЯ </strong><br />3 года от даты изготовления при температуре от плюс 2 ºС до плюс 25 ºС.<br /><strong style=""line-height: 20px; color: rgb(4, 77, 39);"">ФОРМА ВЫПУСКА </strong><br />Полимерная тара по 100 таблеток.<br /><strong style=""line-height: 20px; color: rgb(4, 77, 39);"">СОСТАВ</strong><br />В одной таблетке содержится 0,4 г сульфадимидина, 0,08 г триметоприма и наполнителя – до 1,0 г.</div>";https://static.tildacdn.com/stor6362-6239-4635-b430-386133616438/0ea8fbbedcc3a22b16e7610ca7ee49de.png;0;;;;;jH4iEyaVbBefRL3V0zex;;0;0;0;0
342002256882;;;;"Противопаразитарные и противопротозойные;Свиньи;КРС;Собаки;Кошки";"ТОРУКОКС 5% СУСПЕНЗИЯ";"Противопротозойный препарат";"<div style=""font-size: 20px;"" data-customstyle=""yes""><strong style=""line-height: 20px; color: rgb(4, 77, 39);"">ПРЕИМУЩЕСТВА </strong><br />- Эффективен в отношении кокцидий на всех стадиях их внутриклеточного развития; <br />- Применяется также и для лечения плотоядных животных. <br /><strong style=""line-height: 20px; color: rgb(4, 77, 39);"">ПОКАЗАНИЯ К ПРИМЕНЕНИЮ </strong><br />Препарат применяют поросятам в неблагополучных хозяйствах для профилактики и при лечении эймериоза и изоспороза, а также телятам для профилактики и при лечении эймериоза; для лечения плотоядных животных при эймериозах и изоспорозах.<br /><strong style=""line-height: 20px; color: rgb(4, 77, 39);"">ПОРЯДОК ПРИМЕНЕНИЯ </strong><br />Для профилактики препарат задают поросятам внутрь, в возрасте 3-6 дней, однократно, в дозе 1,0 мл на 2,5 кг массы. Для лечения поросят препарат применяют однократно, в дозе 1,0 мл на 2,5 кг массы животного. Для лечения плотоядных животных (лисицы, собаки, кошки и другие плотоядные) препарат задают в дозе 1,0 мл на 7 кг массы животного (0,007 г/кг), двукратно с интервалом 24 часа или однократно в дозе 1,0 мл на 3,5 кг массы животного (0,014 г/кг). При лечении и для профилактики телят препарат задают в дозе 1,0 мл на 7 кг массы животного (0,007 г/кг), двукратно с интервалом 24 часа или однократно в дозе 1,0 мл на 3,5 кг массы животного (0,014 г/кг). <br /><strong style=""line-height: 20px; color: rgb(4, 77, 39);"">СРОКИ ОЖИДАНИЯ </strong><br />Мясо: поросята – 91 день, телята – 70 дней. <br /><strong style=""line-height: 20px; color: rgb(4, 77, 39);"">СРОК ГОДНОСТИ И </strong><br /><strong style=""line-height: 20px; color: rgb(4, 77, 39);"">УСЛОВИЯ ХРАНЕНИЯ </strong><br />3 года от даты изготовления при температуре от плюс 2 ºС до плюс 25 ºС.<br /><strong style=""line-height: 20px; color: rgb(4, 77, 39);"">ФОРМА ВЫПУСКА </strong><br />Полимерная тара по 250 мл и 1 л.<br /><strong style=""line-height: 20px; color: rgb(4, 77, 39);"">СОСТАВ</strong><br />В 1,0 мл препарата содержится 50 мг толтразурила; вспомогательные вещества.</div>";https://static.tildacdn.com/stor3562-6132-4336-a465-666632643730/81bb590e8f1d606104bcb7f82be3cdf2.png;0;;;;;hFy4diT2VY4y4LOmLs33;;0;0;0;0
459955526332;;;;"Витаминно-минеральные;Свиньи;Птица;КРС;МРС;Лошади;Индейка;Собаки;Кошки";"СТИМУЛОНГ РАСТВОР";"Витаминно-минеральный препарат";"<div style=""font-size: 20px;"" data-customstyle=""yes""><strong style=""line-height: 20px; color: rgb(4, 77, 39);"">ПРЕИМУЩЕСТВА </strong><br />- Тонизирующее действие; <br />- Повышает резистентность организма; <br />- Стимулирует кроветворение.<br /><strong style=""line-height: 20px; color: rgb(4, 77, 39);"">ПОКАЗАНИЯ К ПРИМЕНЕНИЮ </strong><br />Препарат применяют: - крупному и мелкому рогатому скоту, лошадям, свиньям в комплексной терапии при гипотонии и атонии матки, для профилактики послеродовых осложнений; - лошадям как тонизирующее средство при переутомлении (за 2-3 дня до соревнований); - молодняку животных и птицы, пушным зверям, собакам, кошкам в комплексной терапии при бронхопневмониях, инфекциях мягких тканей и кожи, инфекциях желудочно-кишечного тракта и мочеполовой системы; - сельскохозяйственным и мелким домашним животным при переломах для лучшей регенерации костной ткани, при рахите, гипомагнемии, при парезах и параличах.<br /><strong style=""line-height: 20px; color: rgb(4, 77, 39);"">ПОРЯДОК ПРИМЕНЕНИЯ </strong><br />Препарат вводят внутримышечно, подкожно, один раз в сутки в следующих дозах: - лошадям, крупному рогатому скоту 10,0-25,0 мл; - телятам, жеребятам5,0-12,0 мл; - овцам, козам2,5-8,0 мл; - ягнятам, козлятам1,5-2,5 мл; - свиньям2,5-10,0 мл; - поросятам-сосунам1,0-2,5 мл; - собакам0,5-5,0 мл; - кошкам и пушным зверям0,5-2,5 мл. Птице препарат применяют перорально в следующих дозах: - цыплятам 1,0-1,5 мл на 1 л питьевой воды; - курам-несушкам 2,0-3,0 мл на 1 л питьевой воды. Длительность применения препарата составляет 4-5 дней.<br /><strong style=""line-height: 20px; color: rgb(4, 77, 39);"">СРОКИ ОЖИДАНИЯ </strong><br />Без ограничений.<br /><strong style=""line-height: 20px; color: rgb(4, 77, 39);"">СРОК ГОДНОСТИ И </strong><br /><strong style=""line-height: 20px; color: rgb(4, 77, 39);"">УСЛОВИЯ ХРАНЕНИЯ </strong><br />5 лет от даты изготовления при температуре от 2 ºС до 25 ºС. <br /><strong style=""line-height: 20px; color: rgb(4, 77, 39);"">ФОРМА ВЫПУСКА </strong><br />Стеклянные флаконы по 100 мл.<br /><strong style=""line-height: 20px; color: rgb(4, 77, 39);"">СОСТАВ</strong><br />В 1,0 мл препарата содержится 100 мг бутафосфана и 0,05 мг цианокобаламина; вспомогательные вещества.</div>";https://static.tildacdn.com/stor3033-3036-4330-b638-363163666666/3164384220b3bd8481646fd3a85f2720.png;0;;;;;Zk1fVN6szB5VIk1MZmmp;;0;0;0;0
523639612972;;;;"Противовоспалительные, жаропонижающие, болеутоляющие;Свиньи;КРС;Лошади;Собаки;Кошки";"КЕТОПРОФЕН-РН РАСТВОР";"Жаропонижающее, анальгезирующее и противовоспалительное средство";"<div style=""font-size: 20px;"" data-customstyle=""yes""><strong style=""line-height: 20px; color: rgb(4, 77, 39);"">ПРЕИМУЩЕСТВА </strong><br />- Выраженное противовоспалительное, анальгезирующее и жаропонижающее действие; <br />- Максимальная концентрация в плазме крови через 30-40 минут; <br />- Низкая токсичность; <br />- Молоко без ограничений. <br /><strong style=""line-height: 20px; color: rgb(4, 77, 39);"">ПОКАЗАНИЯ К ПРИМЕНЕНИЮ </strong><br />Препарат применяют крупному рогатому скоту, свиньям, лошадям, собакам и кошкам в качестве противовоспалительного, обезболивающего и жаропонижающего средства в комплексной терапии при акушерскогинекологических (мастит, эндометрит, синдром мастит-метрит-агалактия), желудочно-кишечных (колики), респираторных патологиях (пневмония, бронхит и др.), а также при острых и хронических заболеваниях опорнодвигательного аппарата, сопровождающихся болью и воспалением и для устранения болевого синдрома различной этиологии.<br /><strong style=""line-height: 20px; color: rgb(4, 77, 39);"">ПОРЯДОК ПРИМЕНЕНИЯ </strong><br />Препарат применяют в следующих дозах: -#nbsp;крупному рогатому скоту: 1 мл на 30 кг массы тела животного внутримышечно или внутривенно один раз в сутки в течение 1-3 дней; - свиньям: 1 мл на 30 кг массы тела животного внутримышечно один раз в сутки в течение 1-3 дней; - лошадям: 1 мл на 45 кг массы тела животного внутривенно, при лечении опорно-двигательного аппарата – ежедневно 1 раз/сут от 3 дней до 5 дней; при симптоматическом лечении колик – однократно; - собакам и кошкам: 0,1 мл на 5 кг массы тела животного подкожно или внутримышечно один раз в сутки в течение 1-5 дней. <br /><strong style=""line-height: 20px; color: rgb(4, 77, 39);"">СРОКИ ОЖИДАНИЯ </strong><br />Молоко – без ограничений. Мясо: крс – 5 дней, свиньи – 4 дня.<br /><strong style=""line-height: 20px; color: rgb(4, 77, 39);"">СРОК ГОДНОСТИ И </strong><br /><strong style=""line-height: 20px; color: rgb(4, 77, 39);"">УСЛОВИЯ ХРАНЕНИЯ </strong><br />2 года от даты изготовления при температуре от 5 ºС до25 ºС.<br /><strong style=""line-height: 20px; color: rgb(4, 77, 39);"">ФОРМА ВЫПУСКА </strong><br />Стеклянные флаконы по 100 мл.<br /><strong style=""line-height: 20px; color: rgb(4, 77, 39);"">СОСТАВ</strong><br />В 1,0 мл препарата содержится 100 мг кетопрофена; вспомогательные вещества: бензиловый спирт, натрия гидроксид, L-аргинин, вода для инъекций.</div>";https://static.tildacdn.com/stor3132-6461-4236-a266-313162323965/0dba8140a595614d38c326b5d79e03e6.png;0;;;;;3nysCN8HUhAMzoxElm2H;;0;0;0;0
558965515162;;;;"Противовоспалительные, жаропонижающие, болеутоляющие;КРС;МРС;Лошади;Собаки;Кошки";"КСИЛОВИТ РАСТВОР";"Успокаивающий, обезболивающий, миорелаксационный препарат";"<div style=""font-size: 20px;"" data-customstyle=""yes""><strong style=""line-height: 20px; color: rgb(4, 77, 39);"">ПРЕИМУЩЕСТВА </strong><br />- Действие проявляется через 1-30 минут; <br />- Седативный эффект до 5 часов.<br /><strong style=""line-height: 20px; color: rgb(4, 77, 39);"">ПОКАЗАНИЯ К ПРИМЕНЕНИЮ </strong><br />Препарат применяют для седации (успокаивания) животных при разных вмешательствах и обработках как, например, подковывание лошадей, взятие крови, вакцинация, рентгеновское обследование, обработка ранений, выпадение влагалища и матки, закрытие ран швами, хирургические вмешательства, при проведении местной или общей анестезии и т. д. <br /><strong style=""line-height: 20px; color: rgb(4, 77, 39);"">ПОРЯДОК ПРИМЕНЕНИЯ </strong><br />Крупному и мелкому рогатому скоту: 0,05-0,15 мл/10 кг массы внутримышечно или 0,1-0,3 мл/40 кг массы животного внутривенно. Лошадям:6,0-12,0 мл/100 кг массы животного внутримышечно. Собакам: внутримышечно, в дозе 0,5-1,5 мл препарата на 10 кг массы животного. Кошкам: внутримышечно или подкожно, в дозе 0,1-0,2 мл на 1 кг массы животного. <br /><strong style=""line-height: 20px; color: rgb(4, 77, 39);"">СРОКИ ОЖИДАНИЯ </strong><br />Молоко – 4 дня. Мясо – 5 дней.<br /><strong style=""line-height: 20px; color: rgb(4, 77, 39);"">СРОК ГОДНОСТИ И </strong><br /><strong style=""line-height: 20px; color: rgb(4, 77, 39);"">УСЛОВИЯ ХРАНЕНИЯ </strong><br />5 лет от даты изготовления при температуре от плюс 2 ºС до плюс 25 ºС. <br /><strong style=""line-height: 20px; color: rgb(4, 77, 39);"">ФОРМА ВЫПУСКА </strong><br />Стеклянные флаконы по 100 мл. <br /><strong style=""line-height: 20px; color: rgb(4, 77, 39);"">СОСТАВ</strong><br />В 1,0 мл препарата содержится 0,02 г ксилазина гидрохлорида, натрия метабисульфит, спирт бензиловый, натрия гидроксид, кислота лимонная, вода для инъекций.</div>";https://static.tildacdn.com/stor3735-3734-4737-b362-633861653831/239d8ce5a298f97723c2d533bee178fa.png;0;;;;;u5mzCgES8kSpfCnhptdJ;;0;0;0;0
916376440202;;;;"Дезинфицирующие, инсектоакарицидные;Свиньи;Птица;КРС;МРС;Лошади;Индейка;Собаки;Кошки";"ГЛЮТАР РАСТВОР";"Дезинфицирующий препарат";"<div style=""font-size: 20px;"" data-customstyle=""yes""><strong style=""line-height: 20px; color: rgb(4, 77, 39);"">ПРЕИМУЩЕСТВА </strong><br />- Широкий спектр действия; <br />- Безопасен для животных; <br />- Не разъедает обрабатываемые поверхности. <br /><strong style=""line-height: 20px; color: rgb(4, 77, 39);"">ПОКАЗАНИЯ К ПРИМЕНЕНИЮ </strong><br />Дезинфекция помещений.<br /><strong style=""line-height: 20px; color: rgb(4, 77, 39);"">ПОРЯДОК ПРИМЕНЕНИЯ </strong><br />Перед применением препарат разводят в воде. Для дезинфекции при инфекциях, относящихся к группе малоустойчивых к дезинфицирующим веществам (колибактериоз, пастереллез, сальмонеллез, дизентерия свиней и др.), препарат применяют в 0,75% концентрации методом полива с экспозицией не менее 45 минут и норме расхода 1 л/м . Для дезинфекции 2 при туберкулезе препарат применяют в 2% концентрации методом полива с экспозицией не менее 1 часа при норме расхода 1 л/м . Для дезинфекции 2 при стрептококкозе, стафилококкозе, чуме и др. применяют в 1,25% концентрации методом полива экспозицией не менее 1 часа и норме расхода 1 л/м . Для обработки инкубаторов, оборудования, материалов, 2 инструментов, транспорта для перевозки животных препарат разводят в соотношении от 1:100 до 1:200. <br /><strong style=""line-height: 20px; color: rgb(4, 77, 39);"">СРОКИ ОЖИДАНИЯ </strong><br />Без ограничений.<br /><strong style=""line-height: 20px; color: rgb(4, 77, 39);"">СРОК ГОДНОСТИ И </strong><br /><strong style=""line-height: 20px; color: rgb(4, 77, 39);"">УСЛОВИЯ ХРАНЕНИЯ </strong><br />2 года от даты изготовления при температуре от 0 ºС до плюс 25 ºС.<br /><strong style=""line-height: 20px; color: rgb(4, 77, 39);"">ФОРМА ВЫПУСКА </strong><br />Полимерная тара по 1 л. <br /><strong style=""line-height: 20px; color: rgb(4, 77, 39);"">СОСТАВ</strong><br />В 1,0 л препарата содержится 40,0 г глутарового альдегида, 32,0 г гликосаля, 100,0 дидецилдиметиламмония хлорида и растворителя (вода 3 очищенная) – до 1000,0 см3 . </div>";https://static.tildacdn.com/stor3364-3166-4666-b832-613936383731/83b2b04c0eafe0d338e44f5307adab45.png;0;;;;;PT09bRYHKbn8UE5tkNA4;;0;0;0;0
276123660662;;;;"Дезинфицирующие, инсектоакарицидные;КРС;Лошади;Собаки;Кошки";"МИКОФАРМ РАСТВОР";"Противогрибковый препарат";"<div style=""font-size: 20px;"" data-customstyle=""yes""><strong style=""line-height: 20px; color: rgb(4, 77, 39);"">ПРЕИМУЩЕСТВА </strong><br />- Широкий спектр действия; <br />- Малотоксичен; <br />- Можно использовать беременным и кормящим самкам.<br /><strong style=""line-height: 20px; color: rgb(4, 77, 39);"">ПОКАЗАНИЯ К ПРИМЕНЕНИЮ </strong><br />Применяют крупному рогатому скоту, лошадям, собакам и котам при лечении и для профилактики дерматофитозов, а также противогрибковой обработки помещений для содержания сельскохозяйственных животных и подстилочного материала.<br /><strong style=""line-height: 20px; color: rgb(4, 77, 39);"">ПОРЯДОК ПРИМЕНЕНИЯ </strong><br />При лечении дерматофитозов применяют животным наружно в виде 0,2% эмульсии. Рабочую эмульсию препарата готовят путем смешивания 1 части микофарма и 50 частей теплой воды (10 мл препарата разбавляют в 500 мл теплой воды). Курс лечения составляет 4 применения рабочей эмульсии с интервалами в 3-4 дня. В тяжелых случаях курс лечения может быть продлен. Крупный рогатый скот моют, используя опрыскиватели, или поливают из шланга разбавленной эмульсией из расчета не менее 1 л рабочей эмульсии на одно взрослое животное и 0,5 л на одного теленка. Собакам рабочую эмульсию втирают в кожу против шерсти. Перед обработкой помещений необходимо обеспечить его изоляцию, выключить вентиляцию, провести тщательную механическую очистку. Для обработки помещений: препарат разбавляют с водой в соотношении 1,5 л на 100 л 3 воды. Рабочий раствор применяют из расчета 10 л на 3000 м при 2 обработке аэрозольным способом или на 750 м обрабатываемой поверхности (пол, стены, клетки и т.п.) с использованием препарата в виде спрея. Экспозиция от 30 минут до 12 часов.<br /><strong style=""line-height: 20px; color: rgb(4, 77, 39);"">СРОКИ ОЖИДАНИЯ </strong><br />Молоко – 2 дня. Мясо – 4 дня.<br /><strong style=""line-height: 20px; color: rgb(4, 77, 39);"">СРОК ГОДНОСТИ И </strong><br /><strong style=""line-height: 20px; color: rgb(4, 77, 39);"">УСЛОВИЯ ХРАНЕНИЯ </strong><br />3 года от даты изготовления при температуре от 0 ºС до плюс 25 ºС.<br /><strong style=""line-height: 20px; color: rgb(4, 77, 39);"">ФОРМА ВЫПУСКА </strong><br />Полимерная упаковка по 100 мл и 1 л.<br /><strong style=""line-height: 20px; color: rgb(4, 77, 39);"">СОСТАВ</strong><br />Препарат содержит энилконазола 100 мг/дм3 .</div>";https://static.tildacdn.com/stor3933-6464-4461-a366-613936623763/ac56e50041f2c15399484130ebd06e04.png;0;;;;;Kn7Y1SxtvpUKaJ6csvj4;;0;0;0;0
656746927722;;;;"Дезинфицирующие, инсектоакарицидные;Собаки;Кошки";ЭКТОФЕН;"Инсектицидный препарат";"<strong style=""color: rgb(4, 77, 39); font-size: 20px; line-height: 20px;"">ПРЕИМУЩЕСТВА </strong><br />- Распределяется по поверхности тела в течение 24 часов; <br />- Гибель иксодовых клещей – в течение 48 часов; <br />- Применяется с 8-недельного возраста.<br /><strong style=""color: rgb(4, 77, 39); font-size: 20px; line-height: 20px;"">ПОКАЗАНИЯ К ПРИМЕНЕНИЮ </strong><br />Применяют при борьбе с блохами, вшами, власоедами и клещами (иксодовыми, хейлителлами) собак и кошек.<br /><strong style=""color: rgb(4, 77, 39); font-size: 20px; line-height: 20px;"">ПОРЯДОК ПРИМЕНЕНИЯ </strong><br /><strong style=""color: rgb(0, 0, 0);""><u>Вид животного | Масса животного, кг | Доза, мл|</u></strong><br /><span style=""color: rgb(255, 255, 255);""> ............................................................................../</span><span style=""color: rgb(0, 0, 0);"">2-10 | 0,7 </span><br /><span style=""color: rgb(0, 0, 0);""> </span><span style=""color: rgb(255, 255, 255);"">...................../......................................................</span><span style=""color: rgb(0, 0, 0);"">10-20 | 1,3</span><br /><strong style=""color: rgb(0, 0, 0);""><u>Собаки</u></strong><u style=""color: rgb(255, 255, 255);""> ............................................................</u><u style=""color: rgb(0, 0, 0);"">20-40 | 2,6</u><br /><span style=""color: rgb(255, 255, 255);""> ......................................................................../..</span><span style=""color: rgb(0, 0, 0);"">40-60 | 3,9</span><br /><strong style=""color: rgb(0, 0, 0);""><u>Кошки</u></strong><strong style=""color: rgb(255, 255, 255);""><u> ..................................................</u></strong><u style=""color: rgb(0, 0, 0);"">2-10 | 0,35-0,7</u><br /><strong style=""color: rgb(4, 77, 39); font-size: 20px; line-height: 20px;"">СРОКИ ОЖИДАНИЯ </strong><br />-<br /><strong style=""color: rgb(4, 77, 39); font-size: 20px; line-height: 20px;"">СРОК ГОДНОСТИ И </strong><br /><strong style=""color: rgb(4, 77, 39); font-size: 20px; line-height: 20px;"">УСЛОВИЯ ХРАНЕНИЯ </strong><br />3 года от даты изготовления при температуре от плюс 5 ºС до плюс 25 ºС.<br /><strong style=""color: rgb(4, 77, 39); font-size: 20px; line-height: 20px;"">ФОРМА ВЫПУСКА </strong><br />Полимерные пипетки по 0,7 мл и 1,3 мл, помещенные в картонную коробку по 5 пипеток.<br /><strong style=""color: rgb(4, 77, 39); font-size: 20px; line-height: 20px;"">СОСТАВ</strong><br />В 1,0 мл препарата содержится 100,0 мг фипронила, 100,0 пирипроксифена, вспомогательные и формообразующие компоненты.";https://static.tildacdn.com/stor3361-3534-4261-b365-643962306366/c5366d162c8a7cf31b02fe636cdf79f8.png;0;;;;;4DPyieMh45Ronak26j4o;;0;0;0;0
152241021553;;;;"Кошки;Собаки";"АЗИТРОКОКС 50 мг";"Антибактериальный препарат группы макролидов";"<strong style=""color: rgb(4, 77, 39);"">ПРЕИМУЩЕСТВА </strong><br />Азитромицин – макролидный антибиотик подгруппы азалидов. Обладает широким спектром бактериостатического действия в отношении грамотрицательных (<em>Actinobacillus pleuropneumoniae, Actinobacilluslignieresi, Mannheimia (Pasteurella) haemolytica, Pasteurellamultocida, Haemophilusspp., Moraxellaspp., Bordetellaspp., Campylobacterspp., Salmonellaspp., Escherichia coli</em>) и грамположительных бактерий (<em>Listeria monocytogenes, Staphylococcus spp., Streptococcusspp., Clostridiumperfringens</em>), а также <em>Chlamydiaspp. и Mycoplasmaspp.</em><br />Связываясь с 50S субъединицей рибосом, азитромицин угнетает пептидтранслоказу на стадии трансляции, подавляет синтез белка, замедляет рост и размножение бактерий, в высоких концентрациях оказывает бактерицидный эффект. Действует на вне- и внутриклеточных возбудителей. Концентрации в тканях и клетках в 10-50 раз выше, чем в плазме, а в очаге инфекции – на 20 - 30 % больше, чем в здоровых тканях.<br />Азитромицин хорошо всасывается при пероральном применении, в больших количествах накапливается в тканях и, особенно в лейкоцитах, макрофагоцитах и фибробластах. Выводится из организма главным образом почками и с желчью.<br /><strong style=""color: rgb(4, 77, 39);"">ПОКАЗАНИЯ К ПРИМЕНЕНИЮ</strong><br />Препарат применяют для лечения собак и кошек при болезнях органов дыхания (пневмония, бронхопневмония, бронхит, ларинготрахеит), желудочно-кишечного тракта сопровождающихся диарейным синдромом, болезнях почек и мочевыводящих путей, пиометре, вагините, пиодерме, артрите, бурсите, гингивите, периодонтите, конъюнктивите, панофтальмите, при послеоперационных (раневых) инфекциях, хламидиозе, микоплазмозе, и других инфекционных болезнях, возбудители которых чувствительны к азитромицину.<br /><strong style=""color: rgb(4, 77, 39);"">ПОРЯДОК ПРИМЕНЕНИЯ</strong><br />Собакам и кошкам препарат применяют индивидуально перорально один раз в сутки во время кормления в дозе 7,5-15 мг азитромицина на 1 кг массы животного.<br /><strong style=""color: rgb(4, 77, 39);"">ФОРМА ВЫПУСКА </strong><br />Таблетки<br /><strong style=""color: rgb(4, 77, 39);"">СРОК ГОДНОСТИ И УСЛОВИЯ ХРАНЕНИЯ</strong><br />Препарат хранят в упаковке производителя при температуре от 2 ºС до 25 ºС. Хранят в недоступном для детей месте, отдельно от продуктов питания и кормов. Препарат транспортируют, соблюдая условия хранения.<br />Срок годности при соблюдении условий хранения – 2 года от даты производства. Не применять по истечении срока годности. Препарат с истекшим сроком годности уничтожают в соответствии с требованиями действующего законодательства.<br /><strong style=""color: rgb(4, 77, 39);"">СОСТАВ</strong><br />В одной таблетке Азитрококс 50 мг содержится соответственно 50 мг азитромицина (в форме азитромицина дигидрата); вспомогательные вещества: лактозы моногидрат, дрожжи неактивные, целлюлоза микрокристаллическая, поливинилпирролидон, кросповидон, аспасвит Ц200, ароматическая добавка, кальция стеарат, тальк.<br /><br />";https://static.tildacdn.com/stor6233-3432-4430-b037-626136386566/0b62516693dfb7df62c667a989c3678c.png;0;;;;;CMAcKhBmdmHTVazr5ItG;;0;0;0;0
945924757853;;;;"Кошки;Собаки";"АЗИТРОКОКС 200 мг";"Антибактериальный препарат группы макролидов";"<strong style=""color: rgb(4, 77, 39);"">ПРЕИМУЩЕСТВА </strong><br />Азитромицин – макролидный антибиотик подгруппы азалидов. Обладает широким спектром бактериостатического действия в отношении грамотрицательных (<em>Actinobacillus pleuropneumoniae, Actinobacilluslignieresi, Mannheimia (Pasteurella) haemolytica, Pasteurellamultocida, Haemophilusspp., Moraxellaspp., Bordetellaspp., Campylobacterspp., Salmonellaspp., Escherichia coli</em>) и грамположительных бактерий (<em>Listeria monocytogenes, Staphylococcus spp., Streptococcusspp., Clostridiumperfringens</em>), а также <em>Chlamydiaspp. и Mycoplasmaspp.</em><br />Связываясь с 50S субъединицей рибосом, азитромицин угнетает пептидтранслоказу на стадии трансляции, подавляет синтез белка, замедляет рост и размножение бактерий, в высоких концентрациях оказывает бактерицидный эффект. Действует на вне- и внутриклеточных возбудителей. Концентрации в тканях и клетках в 10-50 раз выше, чем в плазме, а в очаге инфекции – на 20 - 30 % больше, чем в здоровых тканях.<br />Азитромицин хорошо всасывается при пероральном применении, в больших количествах накапливается в тканях и, особенно в лейкоцитах, макрофагоцитах и фибробластах. Выводится из организма главным образом почками и с желчью.<br /><strong style=""color: rgb(4, 77, 39);"">ПОКАЗАНИЯ К ПРИМЕНЕНИЮ</strong><br />Препарат применяют для лечения собак и кошек при болезнях органов дыхания (пневмония, бронхопневмония, бронхит, ларинготрахеит), желудочно-кишечного тракта сопровождающихся диарейным синдромом, болезнях почек и мочевыводящих путей, пиометре, вагините, пиодерме, артрите, бурсите, гингивите, периодонтите, конъюнктивите, панофтальмите, при послеоперационных (раневых) инфекциях, хламидиозе, микоплазмозе, и других инфекционных болезнях, возбудители которых чувствительны к азитромицину.<br /><strong style=""color: rgb(4, 77, 39);"">ПОРЯДОК ПРИМЕНЕНИЯ</strong><br />Собакам и кошкам препарат применяют индивидуально перорально один раз в сутки во время кормления в дозе 7,5-15 мг азитромицина на 1 кг массы животного.<br /><strong style=""color: rgb(4, 77, 39);"">ФОРМА ВЫПУСКА </strong><br />Таблетки<br /><strong style=""color: rgb(4, 77, 39);"">СРОК ГОДНОСТИ И УСЛОВИЯ ХРАНЕНИЯ</strong><br />Препарат хранят в упаковке производителя при температуре от 2 ºС до 25 ºС. Хранят в недоступном для детей месте, отдельно от продуктов питания и кормов. Препарат транспортируют, соблюдая условия хранения.<br />Срок годности при соблюдении условий хранения – 2 года от даты производства. Не применять по истечении срока годности. Препарат с истекшим сроком годности уничтожают в соответствии с требованиями действующего законодательства.<br /><strong style=""color: rgb(4, 77, 39);"">СОСТАВ</strong><br />В одной таблетке Азитрококс 200 мг содержится соответственно 200 мг азитромицина (в форме азитромицина дигидрата); вспомогательные вещества: лактозы моногидрат, дрожжи неактивные, целлюлоза микрокристаллическая, поливинилпирролидон, кросповидон, аспасвит Ц200, ароматическая добавка, кальция стеарат, тальк.";https://static.tildacdn.com/stor6232-3433-4839-b933-343838363266/e79c3b9e6983a3dcae83f410f7caa63c.png;0;;;;;Zkg1mEb19Nz7HY47YmtD;;0;0;0;0
142118777793;;;;"Кошки;Собаки";"АЗИТРОВЕТ 50 мг";"Таблетки для перорального применения";"<strong style=""color: rgb(4, 77, 39);"">ПРЕИМУЩЕСТВА </strong><br />Азитровет 50 мг/0,5 мг относится к комбинированным ветеринарным лекарственным препаратам с антибактериальным, анальгезирующим, жаропонижающим и противовоспалительным действием.<br /><strong style=""color: rgb(4, 77, 39);"">ПОКАЗАНИЯ К ПРИМЕНЕНИЮ</strong><br />Препарат применяют для лечения собак и кошек при болезнях бактериальной этиологии органов дыхания (пневмония, бронхопневмония, бронхит, ларинготрахеит), желудочно-кишечного тракта, сопровождающихся диарейным синдромом, инфекциях почек и мочевыводящих путей, пиометре, вагините, пиодерме, артрите, бурсите, гингивите, периодонтите, конъюнктивите, панофтальмите, при послеоперационных (раневых) инфекциях, хламидиозе, микоплазмозе, при вирусных инфекциях осложненных бактериальной флорой и других инфекционных болезнях, возбудители которых чувствительны к азитромицину.<br /><strong style=""color: rgb(4, 77, 39);"">ПОРЯДОК ПРИМЕНЕНИЯ</strong><br />Препарат применяют индивидуально перорально один раз в сутки, с равными интервалами, во время кормления в следующих дозах:<br />– первый день лечения – по 2 таблетки на 5 кг массы тела животного (эквивалентно 20 мг/кг азитромицина и 0,2 мг/кг мелоксикама);<br />– второй и последующие дни лечения – по 1 таблетке на 5 кг массы тела животного (эквивалентно 10 мг/кг азитромицина и 0,1 мг/кг мелоксикама).<br />Длительность применения препарата при остром течении заболевания составляет 3-5 дней, но при необходимости лечение может быть продлено в зависимости от состояния животного. При хроническом течении болезни курс лечения собак не должен превышать 12 дней, курс лечения кошек не должен превышать 5 дней.<br />После исчезновения клинических признаков заболевания препарат рекомендуется задавать еще в течение двух суток, но не более 12 дней собакам, 5 дней кошкам.<br /><strong style=""color: rgb(4, 77, 39);"">ФОРМА ВЫПУСКА </strong><br />Препарат выпускают расфасованным в блистеры по 6 или 10 таблеток, помещенные вместе с инструкцией по применению в индивидуальные картонные пачки.<br /><strong style=""color: rgb(4, 77, 39);"">СРОК ГОДНОСТИ И УСЛОВИЯ ХРАНЕНИЯ</strong><br />Препарат хранят в упаковке производителя по списку Б, в защищенном от света месте при температуре от плюс 2 °С до плюс 25 °С. Препарат хранят отдельно от продуктов питания и кормов, в недоступном для детей месте.<br />Срок годности при соблюдении условий хранения – 2 года от даты производства. Не применять по истечении срока годности.<br /><strong style=""color: rgb(4, 77, 39);"">СОСТАВ</strong><br />В одной таблетке содержится 50 мг азитромицина и 0,5 мг мелоксикама; вспомогательные вещества: лактозы моногидрат, дрожжи неактивные, целлюлоза микрокристаллическая, крахмал кукурузный, кросповидон, поливинилпирролидон низкомолекулярный, аспасвит Ц200, ароматизатор, кальция стеарат, тальк.";https://static.tildacdn.com/stor3461-3937-4463-b137-333736373837/429bf73cc7a273d7ff690dd94f391586.jpg;0;;;;;5rRUgHpvyZok7Mm1fTg4;;0;0;0;0
334507772373;;;;"Кошки;Собаки";"МАРБОФЛОКС 5 мг";"Таблетки для перорального применения";"<strong style=""color: rgb(4, 77, 39);"">ПРЕИМУЩЕСТВА </strong><br />Таблетки Марбофлокс 5 мг – антибактериальный ветеринарный препарат группы фторхинолонов.<br /><strong style=""color: rgb(4, 77, 39);"">ПОКАЗАНИЯ К ПРИМЕНЕНИЮ</strong><br />Препарат применяют для лечения собак и кошек при болезнях органов дыхания (пневмония, бронхит, фарингит), почек и мочевыводящих путей (нефрит, пиелит, цистит, уретрит), инфекций кожи (пиодермия и др.), мягких тканей (флегмона и др.), инфицированных ранах, отитах, сальмонеллезе, колибактериозе, псевдомонозе, и других болезнях бактериальной и микоплазмозной этиологии, возбудители которых чувствительны к марбофлоксацину.<br /><strong style=""color: rgb(4, 77, 39);"">ПОРЯДОК ПРИМЕНЕНИЯ</strong><br />Препарат задают один раз в сутки, индивидуально в раздробленном виде с кормом или вводят принудительно на корень языка в суточной дозе 2 мг марбофлоксацина на 1 кг массы животного (1 таблетка на 2,5 кг массы животного).<br />Продолжительность лечения собак составляет от 7 до 14 дней, кошек - от 3 до 10 дней, в зависимости от течения заболевания.<br /><strong style=""color: rgb(4, 77, 39);"">ФОРМА ВЫПУСКА </strong><br />Препарат выпускают расфасованным по 10 таблеток в блистеры, помещенные вместе с инструкцией по применению в индивидуальные картонные пачки.<br /><strong style=""color: rgb(4, 77, 39);"">СРОК ГОДНОСТИ И УСЛОВИЯ ХРАНЕНИЯ</strong><br />Препарат хранят в упаковке производителя по списку Б, в защищенном от света месте при температуре от плюс 2 °С до плюс 25 °С. Препарат хранят отдельно от продуктов питания и кормов, в недоступном для детей месте.<br />Срок годности препарата при соблюдении условий хранения – 3 года от даты производства. Не применять по истечении срока годности.<br /><strong style=""color: rgb(4, 77, 39);"">СОСТАВ</strong><br />В одной таблетке содержится в качестве действующего вещества 5 мг марбофлоксацина; вспомогательные вещества: лактозы моногидрат, целлюлоза микрокристаллическая, крахмал кукурузный, дрожжи неактивные, поливинилпирролидон низкомолекулярный, кросповидон, ароматизатор, аспасвит Ц200, кальция стеарат, тальк.";https://static.tildacdn.com/stor6536-3039-4436-b930-643866353533/63e6fe6827d09a656eb7e7d6519677b4.jpg;0;;;;;orB61hUOJt7gA3OZfZvZ;;0;0;0;0
878836526263;;;;"Кошки;Собаки";"МАРБОФЛОКС 20 мг";"Таблетки для перорального применения";"<strong style=""color: rgb(4, 77, 39);"">ПРЕИМУЩЕСТВА </strong><br />Таблетки Марбофлокс 20 мг – антибактериальный ветеринарный препарат группы фторхинолонов<br /><strong style=""color: rgb(4, 77, 39);"">ПОКАЗАНИЯ К ПРИМЕНЕНИЮ</strong><br />Препарат применяют для лечения собак и кошек при болезнях органов дыхания (пневмония, бронхит, фарингит), почек и мочевыводящих путей (нефрит, пиелит, цистит, уретрит), инфекций кожи (пиодермия и др.), мягких тканей (флегмона и др.), инфицированных ранах, отитах, сальмонеллезе, колибактериозе, псевдоманозе, и других болезнях бактериальной и микоплазмозной этиологии, возбудители которых чувствительны к марбофлоксацину.<br /><strong style=""color: rgb(4, 77, 39);"">ПОРЯДОК ПРИМЕНЕНИЯ</strong><br />Препарат задают один раз в сутки, с равными интервалами, индивидуально в раздробленном виде с кормом или вводят принудительно на корень языка в суточной дозе 2 мг марбофлоксацина на 1 кг массы животного (1 таблетка на 10 кг массы животного).<br />Продолжительность лечения собак составляет от 7 до 14 дней, кошек - от 3 до 10 дней, в зависимости от течения заболевания.<br /><strong style=""color: rgb(4, 77, 39);"">ФОРМА ВЫПУСКА </strong><br />Препарат выпускают расфасованным по 10 таблеток в блистеры, помещенные вместе с инструкцией по применению в индивидуальные картонные пачки.<br /><strong style=""color: rgb(4, 77, 39);"">СРОК ГОДНОСТИ И УСЛОВИЯ ХРАНЕНИЯ</strong><br />Препарат хранят в упаковке производителя по списку Б, в защищенном от света месте при температуре от плюс 2 °С до плюс 25 °С. Препарат хранят отдельно от продуктов питания и кормов, в недоступном для детей месте.<br />Срок годности препарата при соблюдении условий хранения – 3 года от даты производства. Не применять по истечении срока годности.<br /><strong style=""color: rgb(4, 77, 39);"">СОСТАВ</strong><br />В одной таблетке содержится в качестве действующего вещества 20 мг марбофлоксацина; вспомогательные вещества: лактозы моногидрат, целлюлоза микрокристаллическая, крахмал кукурузный, дрожжи неактивные, поливинилпирролидон низкомолекулярный, кросповидон, ароматизатор, аспасвит Ц200, кальция стеарат, тальк.";https://static.tildacdn.com/stor6338-3434-4461-b834-643333613631/857a725f98a7a03680604d08665b4af8.jpg;0;;;;;sUJIKg1UUt9xJthrVdUI;;0;0;0;0
571447140063;;;;"Кошки;Собаки";"МАРБОФЛОКС РАСТВОР 2%";"Раствор для инъекций";"<strong style=""color: rgb(4, 77, 39);"">ПРЕИМУЩЕСТВА </strong><br />Марбофлокс 2 % - антибактериальный препарат из группы фторхинолонов.<br /><strong style=""color: rgb(4, 77, 39);"">ПОКАЗАНИЯ К ПРИМЕНЕНИЮ</strong><br />Препарат применяют собакам, кошкам, телятам и свиньям при стафилокок-козе, стрептококкозе, колибактериозе, сальмонеллезе, псевдомонозе, пастереллезе, микоплазмозе, хламидиозе, кампилобактериозе, а также при болезнях органов дыхания, почек и мочевыводящих путей, при инфекциях кожи, мягких тканей, инфицированных ранах и других болезнях животных, возбудители которых чувствительны к марбофлоксацину; для профилактики раневых инфекций собакам и кошкам при хирургических вмешательствах.<br /><strong style=""color: rgb(4, 77, 39);"">ПОРЯДОК ПРИМЕНЕНИЯ</strong><br />Собакам и кошкам при стафилококкозе, стрептококкозе, колибактериозе, сальмонеллезе, псевдомонозе, пастереллезе, микоплазмозе, хламидиозе, болезнях органов дыхания, инфицированных ранах и абсцессах препарат вводят подкожно один раз в сутки в дозе 1 мл/10 кг массы тела животного в течение 3-5 дней.<br />При инфекциях почек и мочевыводящих путей у собак препарат вводят подкожно один раз в сутки в дозе 2 мл/10 кг массы тела животного. Курс лечения - три инъекции с интервалом в 4 дня. Для профилактики раневых инфекций при хирургических вмешательствах у собак и кошек препарат вводят в дозе 1мл/10 кг массы тела животного внутривенно однократно сразу после операции.<br />Телятам препарат вводят подкожно или внутримышечно, свиньям - внутримышечно, один раз в сутки в дозе 1 мл/10 кг массы тела животного в течение 3-5 дней. Возможно однократное применение препарата телятам внутримышечно в дозе 4 мл/10 кг массы тела животного. Максимальный объем препарата для введения в одно место не должен превышать 20 мл.<br /><strong style=""color: rgb(4, 77, 39);"">ФОРМА ВЫПУСКА </strong><br />Препарат выпускают в стеклянных флаконах по 20 и 100 мл.<br /><strong style=""color: rgb(4, 77, 39);"">СРОК ГОДНОСТИ И УСЛОВИЯ ХРАНЕНИЯ</strong><br />Препарат хранят в упаковке производителя в защищенном от света месте при температуре от плюс 2 °С до плюс 25 °С. Препарат хранят отдельно от продуктов питания и кормов, в недоступном для детей месте.<br />Срок годности, при соблюдении условий хранения - 3 года от даты изготовления, после вскрытия флакона — не более 28 суток.<br /><strong style=""color: rgb(4, 77, 39);"">СОСТАВ</strong><br />В 1,0 мл препарата содержится в качестве действующего вещества 20 мг марбофлоксацина, а так же вспомогательные вещества: глюконолактон, монотиоглицерол, метакрезол, натрия эдетат, вода для инъекций.";https://static.tildacdn.com/stor3635-6434-4061-b564-373663653935/d66e27ed6dacf456013ea5c0b4116c4b.png;0;;;;;Z4maKUrrRblpFo92dnRm;;0;0;0;0
745748327303;;;;Кошки;"суспензия ВЕРАНТЕЛ для кошек и котят";"Суспензия для орального применения";"<strong style=""color: rgb(4, 77, 39);"">ПРЕИМУЩЕСТВА </strong><br />Верантел для кошек и котят – комплексный антигельминтный препарат широкого спектра действия.<br /><strong style=""color: rgb(4, 77, 39);"">ПОКАЗАНИЯ К ПРИМЕНЕНИЮ</strong><br />Препарат применяют взрослым кошкам и котятам с 3-недельного возраста с профилактической и лечебной целью при желудочно-кишечных нематодозах (токсокароз, трихуроз, анкилостомоз), цестодозах (тениидоз, дипилидиоз, эхинококкоз, дифиллоботриоз, мезоцестоидоз) и смешанных нематодо-цестодозных инвазиях.<br /><strong style=""color: rgb(4, 77, 39);"">ПОРЯДОК ПРИМЕНЕНИЯ</strong><br />Препарат задают внутрь однократно, индивидуально, в утреннее время с небольшим количеством корма или непосредственно вливают в защечную область при помощи шприца-дозатора в дозе 1 мл на 2 кг массы тела животного.<br />Предварительного голодного режима перед дегельминтизацией и применения слабительных средств после применения препарата не требуется.<br />С лечебной целью животных дегельминтизируют по показаниям, с профилактической целью – ежеквартально в вышеуказанной дозе. <br />С лечебной целью, а также с целью профилактики при групповом (скученном) содержании животных (питомники, приюты, виварии), обработку проводят двукратно с интервалом 14 суток.<br />Перед применением флакон с препаратом необходимо взболтать до образования однородной суспензии. <br /><strong style=""color: rgb(4, 77, 39);"">ФОРМА ВЫПУСКА </strong><br />Препарат выпускают в полимерных флаконах по 10 мл вместе со шприцом-дозатором.<br /><strong style=""color: rgb(4, 77, 39);"">СРОК ГОДНОСТИ И УСЛОВИЯ ХРАНЕНИЯ</strong><br />Препарат хранят в упаковке производителя в защищенном от света месте при температуре от плюс 2 °С до плюс 25 °С. Препарат хранят отдельно от продуктов питания и кормов, в недоступном для детей месте.<br />Срок годности – 2 года от даты изготовления, после вскрытия флакона - не более 3 месяцев, при температуре от плюс 2 0С до плюс 8 0С.<br /><strong style=""color: rgb(4, 77, 39);"">СОСТАВ</strong><br />В 1,0 мл препарата содержится в качестве действующих веществ 28 мг пирантела памоата и 10 мг празиквантела, вспомогательные вещества: глицерин, полисорбат, натрия бензоат, метилпарагидроксибензоат, эмульсия симетикона, аспасвит Ц200, ароматизатор «Мед», кремния диоксид коллоидный, ксантановая камедь, вода очищенная.";https://static.tildacdn.com/stor3066-3261-4733-a232-633330666364/49ad2fef6b724c3cec1417c2c5153cd2.png;0;;;;;ep0Mu44CYoPiErtVEINB;;0;0;0;0
417291857173;;;;Кошки;"таблетки ВЕРАНТЕЛ для кошек";"Таблетки для перорального применения.";"<strong style=""color: rgb(4, 77, 39);"">ПРЕИМУЩЕСТВА </strong><br />Таблетки Верантел - комплексный антигельминтный препарат широкого спектра действия. <br /><strong style=""color: rgb(4, 77, 39);"">ПОКАЗАНИЯ К ПРИМЕНЕНИЮ</strong><br />Препарат предназначен для дегельминтизации кошек при нематодозах (токсокароз, токсаскариоз, унцинароз, анкилостомоз) и цестодозах (тениоз, эхинококкоз, дипилидиоз, дифилоботриоз, мезоцестоидоз).<br /><strong style=""color: rgb(4, 77, 39);"">ПОРЯДОК ПРИМЕНЕНИЯ</strong><br />Препарат задают внутрь однократно в утреннее время из расчета 1 таблетка на 4 кг массы животного. При необходимости таблетку можно измельчить, смешать с небольшим количеством воды или корма и задать внутрь. Предварительной диеты или соблюдения голодного режима, а так же применения слабительных средств не требуется.<br /><strong style=""color: rgb(4, 77, 39);"">ФОРМА ВЫПУСКА </strong><br />Препарат выпускают расфасованным по 2 или 6 таблеток в блистере, помещенном по 1 штуке вместе с инструкцией по применению в индивидуальную картонную пачку.<br /><strong style=""color: rgb(4, 77, 39);"">СРОК ГОДНОСТИ И УСЛОВИЯ ХРАНЕНИЯ</strong><br />Срок годности препарата при соблюдении условий хранения - 3 года от даты производства. Не применять по истечении срока годности. <br /><strong style=""color: rgb(4, 77, 39);"">СОСТАВ</strong><br />В одной таблетке в качестве действующих веществ содержится 230 мг пирантела памоата (пирантела эмбоната) и 20 мг празиквантела; вспомогательные вещества: лактоза, целлюлоза микрокристаллическая, крахмал, поливинилпирролидон, ароматическая добавка, кальция стеарат, тальк.";https://static.tildacdn.com/stor3635-3838-4364-a334-626235396535/4c56e4ca4790063e4553d5d0191a2138.png;0;;;;;8JDEBpInzGgiHCf09KlK;;0;0;0;0
302676148393;;;;"Кошки;Собаки";"таблетки ВАЗОПРИЛ 0,625 мг";Таблетки.;"<strong style=""color: rgb(4, 77, 39);"">ПРЕИМУЩЕСТВА </strong><br />Таблетки Вазоприл – гипотензивное средство. <br /><strong style=""color: rgb(4, 77, 39);"">ПОКАЗАНИЯ К ПРИМЕНЕНИЮ</strong><br />Препарат применяют собакам при застойных явлениях в сердце, вызванных хронической сердечной недостаточностью, при артериальной гипертонии, при кардиомиопатиях различного генеза и для профилактики ишемии миокарда. Кошкам применяют для снижения систолического давления (если значение систолического давления находится в промежутке от 160 и 230 мм рт. ст.). <br /><strong style=""color: rgb(4, 77, 39);"">ПОРЯДОК ПРИМЕНЕНИЯ</strong><br />Применяют внутрь один раз в сутки, натощак. Первоначальная терапевтическая доза в сутки составляет 0,125 мг действующего вещества рамиприла на 1 кг массы животного. Животным, у которых существует риск развития гиповолемии, лечение начинают с половинной дозы, которую задают в течение недели. При отсутствии снижения артериального давления на фоне приема препарата для усиления терапевтического эффекта разрешается одновременное применение диуретических средств в дозах согласно инструкции по применению. При застойных явлениях в лёгких и кашле у собак, через две недели после начала использования препарата суточную дозу можно увеличить до 0,25 мг рамиприла на 1 кг массы животного. Продолжительность курса терапии устанавливает ветеринарный врач. <br /><strong style=""color: rgb(4, 77, 39);"">ФОРМА ВЫПУСКА </strong><br />Препарат выпускают расфасованным по 10 таблеток в блистерах, помещенных по 3 штуки вместе с инструкцией по применению в индивидуальные картонные пачки. <br /><strong style=""color: rgb(4, 77, 39);"">СРОК ГОДНОСТИ И УСЛОВИЯ ХРАНЕНИЯ</strong><br />Препарат хранят в упаковке производителя при температуре от 2 °С до 25 °С. Хранят в недоступном для детей месте, отдельно от продуктов питания и кормов. Препарат транспортируют, соблюдая условия хранения.<br />Срок годности при соблюдении условий хранения и транспортирования - 2 года от даты производства. Не применять по истечении срока годности. <br /><strong style=""color: rgb(4, 77, 39);"">СОСТАВ</strong><br />В 1,0 г препарата содержится 10 мг рамиприла, а также вспомогательные вещества: лактозы моногидрат, дрожжи неактивные, целлюлоза микрокристаллическая, крахмал кукурузный, кросповидон, поливинилпирролидон, ароматическая добавка, кальция стеарат, тальк.";https://static.tildacdn.com/stor3939-3866-4562-b135-343061363561/5fe88482142c137185f9f422a5a3f010.png;0;;;;;yi9PISfCPDBfzrcOfsav;;0;0;0;0
292677119413;;;;"Кошки;Собаки";"таблетки ВАЗОПРИЛ 1,25 мг";Таблетки;"<strong style=""color: rgb(4, 77, 39);"">ПРЕИМУЩЕСТВА </strong><br />Таблетки Вазоприл – гипотензивное средство.<br /><strong style=""color: rgb(4, 77, 39);"">ПОКАЗАНИЯ К ПРИМЕНЕНИЮ</strong><br />Препарат применяют собакам при застойных явлениях в сердце, вызванных хронической сердечной недостаточностью, при артериальной гипертонии, при кардиомиопатиях различного генеза и для профилактики ишемии миокарда. Кошкам применяют для снижения систолического давления (если значение систолического давления находится в промежутке от 160 и 230 мм рт. ст.).<br /><strong style=""color: rgb(4, 77, 39);"">ПОРЯДОК ПРИМЕНЕНИЯ</strong><br />Применяют внутрь один раз в сутки, натощак. Первоначальная терапевтическая доза в сутки составляет 0,125 мг действующего вещества рамиприла на 1 кг массы животного. Животным, у которых существует риск развития гиповолемии, лечение начинают с половинной дозы, которую задают в течение недели. При отсутствии снижения артериального давления на фоне приема препарата для усиления терапевтического эффекта разрешается одновременное применение диуретических средств в дозах согласно инструкции по применению. При застойных явлениях в лёгких и кашле у собак, через две недели после начала использования препарата суточную дозу можно увеличить до 0,25 мг рамиприла на 1 кг массы животного. Продолжительность курса терапии устанавливает ветеринарный врач.<br /><strong style=""color: rgb(4, 77, 39);"">ФОРМА ВЫПУСКА </strong><br />Препарат выпускают расфасованным по 10 таблеток в блистерах, помещенных по 3 штуки вместе с инструкцией по применению в индивидуальные картонные пачки.<br /><strong style=""color: rgb(4, 77, 39);"">СРОК ГОДНОСТИ И УСЛОВИЯ ХРАНЕНИЯ</strong><br />Препарат хранят в упаковке производителя при температуре от 2 °С до 25 °С. Хранят в недоступном для детей месте, отдельно от продуктов питания и кормов. Препарат транспортируют, соблюдая условия хранения.<br />Срок годности при соблюдении условий хранения и транспортирования - 2 года от даты производства. Не применять по истечении срока годности.<br /><strong style=""color: rgb(4, 77, 39);"">СОСТАВ</strong><br />В 1,0 г препарата содержится 10 мг рамиприла, а также вспомогательные вещества: лактозы моногидрат, дрожжи неактивные, целлюлоза микрокристаллическая, крахмал кукурузный, кросповидон, поливинилпирролидон, ароматическая добавка, кальция стеарат, тальк.";https://static.tildacdn.com/stor3238-6539-4839-b734-353033653834/2b6d17ab8e816f987ea95de61b92e212.jpg;0;;;;;rRRsGCJRG5nI08tGkV7a;;0;0;0;0
543308575063;;;;"Кошки;Собаки";"таблетки ВАЗОПРИЛ 5 мг";Таблетки;"<strong style=""color: rgb(4, 77, 39);"">ПРЕИМУЩЕСТВА </strong><br />Таблетки Вазоприл – гипотензивное средство.<br /><strong style=""color: rgb(4, 77, 39);"">ПОКАЗАНИЯ К ПРИМЕНЕНИЮ</strong><br />Препарат применяют собакам при застойных явлениях в сердце, вызванных хронической сердечной недостаточностью, при артериальной гипертонии, при кардиомиопатиях различного генеза и для профилактики ишемии миокарда. Кошкам применяют для снижения систолического давления (если значение систолического давления находится в промежутке от 160 и 230 мм рт. ст.).<br /><strong style=""color: rgb(4, 77, 39);"">ПОРЯДОК ПРИМЕНЕНИЯ</strong><br />Применяют внутрь один раз в сутки, натощак. Первоначальная терапевтическая доза в сутки составляет 0,125 мг действующего вещества рамиприла на 1 кг массы животного. Животным, у которых существует риск развития гиповолемии, лечение начинают с половинной дозы, которую задают в течение недели. При отсутствии снижения артериального давления на фоне приема препарата для усиления терапевтического эффекта разрешается одновременное применение диуретических средств в дозах согласно инструкции по применению. При застойных явлениях в лёгких и кашле у собак, через две недели после начала использования препарата суточную дозу можно увеличить до 0,25 мг рамиприла на 1 кг массы животного. Продолжительность курса терапии устанавливает ветеринарный врач.<br /><strong style=""color: rgb(4, 77, 39);"">ФОРМА ВЫПУСКА </strong><br />Препарат выпускают расфасованным по 10 таблеток в блистерах, помещенных по 3 штуки вместе с инструкцией по применению в индивидуальные картонные пачки.<br /><strong style=""color: rgb(4, 77, 39);"">СРОК ГОДНОСТИ И УСЛОВИЯ ХРАНЕНИЯ</strong><br />Препарат хранят в упаковке производителя при температуре от 2 °С до 25 °С. Хранят в недоступном для детей месте, отдельно от продуктов питания и кормов. Препарат транспортируют, соблюдая условия хранения.<br />Срок годности при соблюдении условий хранения и транспортирования - 2 года от даты производства. Не применять по истечении срока годности.<br /><strong style=""color: rgb(4, 77, 39);"">СОСТАВ</strong><br />В 1,0 г препарата содержится 10 мг рамиприла, а также вспомогательные вещества: лактозы моногидрат, дрожжи неактивные, целлюлоза микрокристаллическая, крахмал кукурузный, кросповидон, поливинилпирролидон, ароматическая добавка, кальция стеарат, тальк.";https://static.tildacdn.com/stor3837-6531-4162-b762-386236656637/dd161832a263bac2708e581420539598.png;0;;;;;UFGaOkVBr8CizKBAFEsP;;0;0;0;0
674949679373;;;;"Кошки;Собаки";"раствор РАБЕНА 2%";"Раствор для подкожного введения.";"<strong style=""color: rgb(4, 77, 39);"">ПРЕИМУЩЕСТВА </strong><br />Рабена 2 % – нестероидное противовоспалительное средство из группы коксибов.<br /><strong style=""color: rgb(4, 77, 39);"">ПОКАЗАНИЯ К ПРИМЕНЕНИЮ</strong><br />Препарат применяют собакам и кошкам в качестве противовоспалительного и болеутоляющего средства при воспалительных и болевых синдромах различного происхождения, включая острые и хронические заболевания опорно-двигательного аппарата (артриты, артрозы, синовиты, вывихи), воспалительные заболевания мягких тканей, а также в качестве анальгезирующего и противовоспалительного препарата в послеоперационный период.<br /><strong style=""color: rgb(4, 77, 39);"">ПОРЯДОК ПРИМЕНЕНИЯ</strong><br />Препарат применяют кошкам и собакам подкожно в дозе 1 мл на 10 кг массы тела животного (что соответствует 2 мг робенакоксиба на 1 кг массы тела животного): <br />- при хирургических вмешательствах препарат вводят примерно за 30 минут до проведения оперативных вмешательств однократно в дозе 1 мл на 10 кг массы тела животного.<br />- в послеоперационный период в качестве анальгезирующего и противовоспалительного препарат вводят один раз в сутки в течение 1-2 дней в дозе 1 мл на 10 кг массы тела животного. <br />- при лечении заболеваний опорно-двигательного аппарата препарат применяют для снятия острой боли однократно или двукратно один раз в сутки в дозе 1 мл на 10 кг массы тела животного.<br /><strong style=""color: rgb(4, 77, 39);"">ФОРМА ВЫПУСКА </strong><br />Препарат выпускают расфасованным во флаконы из темного стекла по 20 мл и 100 мл.<br /><strong style=""color: rgb(4, 77, 39);"">СРОК ГОДНОСТИ И УСЛОВИЯ ХРАНЕНИЯ</strong><br />Препарат хранят в упаковке производителя, в защищенном от прямых солнечных лучей месте при температуре от 2 ºС до 8 ºС. Препарат хранят отдельно от продуктов питания и кормов, в недоступном для детей месте. Препарат транспортируют, соблюдая условия хранения.<br />Срок годности препарата – 3 года от даты производства при соблюдении условий хранения и транспортирования. Срок годности после первого вскрытия флакона - в течение 28 суток при температуре от 2 °С до 25 °С. Не применять по истечении срока годности.<br /><strong style=""color: rgb(4, 77, 39);"">СОСТАВ</strong><br />Препарат содержит в 1,0 мл в качестве действующего вещества 20 мг робенакоксиба; вспомогательные вещества: натрия метабисульфит, натрия гидроксид, полоксамер 188, полиэтиленгликоль, этиловый спирт, вода для инъекций.";https://static.tildacdn.com/stor3033-3063-4264-a561-363366623734/3a48aa6731bbe735439cbce3437b5a38.png;0;;;;;mo4Ji5A2gzhKozSroSP0;;0;0;0;0
560812800413;;;;"Кошки;Собаки";"раствор для инъекций МАРОПЕКС 1%";"Раствор для внутривенного и подкожного введения.";"<strong style=""color: rgb(4, 77, 39);"">ПРЕИМУЩЕСТВА </strong><br />Маропекс 1 % – противорвотное средство – антагонист нейрокининовых рецепторов.<br /><strong style=""color: rgb(4, 77, 39);"">ПОКАЗАНИЯ К ПРИМЕНЕНИЮ</strong><br />Препарат применяют для предотвращения рвоты различного генеза у собак и кошек.<br /><strong style=""color: rgb(4, 77, 39);"">ПОРЯДОК ПРИМЕНЕНИЯ</strong><br />Препарат вводят собакам и кошкам подкожно или внутривенно в дозе 1 мг/кг массы животного, что эквивалентно 1 мл препарата на 10 кг массы животного, один раз в сутки, не более 5 суток подряд.<br />При внутривенном введении препарат вводят в течение 1-2 минут без предварительного разведения.<br /><strong style=""color: rgb(4, 77, 39);"">ФОРМА ВЫПУСКА </strong><br />Препарат выпускают расфасованным во флаконы из темного стекла по 10 и 20 мл.<br /><strong style=""color: rgb(4, 77, 39);"">СРОК ГОДНОСТИ И УСЛОВИЯ ХРАНЕНИЯ</strong><br />Препарат хранят в упаковке производителя в защищенном от прямых солнечных лучей месте при температуре от 2 ºС до 25 ºС. Препарат хранят отдельно от продуктов питания и кормов, в недоступном для детей месте. Препарат транспортируют, соблюдая условия хранения.<br />Срок годности препарата – 3 года от даты производства при соблюдении условий хранения. После первого вскрытия флакона препарат пригоден для использования в течение 90 дней при соблюдении указанных условий хранения. Не применять по истечении срока годности.<br /><strong style=""color: rgb(4, 77, 39);"">СОСТАВ</strong><br />Препарат содержит в 1,0 мл в качестве действующего вещества 10 мг маропитанта (в форме маропитанта цитрата моногидрата); вспомогательные вещества: сульфобутиловый эфир β-циклодекстрина, метакрезол, вода для инъекций.";https://static.tildacdn.com/stor6263-6139-4166-a133-333862333038/84c6ad36caf43a6c16cdc7b75cf1a509.png;0;;;;;eSoJ9griTJ7l9iVC2ZMy;;0;0;0;0
935891232053;;;;"Собаки;Кошки";"суспензия ОТИВЕТ";"Суспензия для наружного применения.";"<strong style=""color: rgb(4, 77, 39);"">ПРЕИМУЩЕСТВА </strong><br />Отивет - комбинированный ветеринарный препарат с антибактериальным противогрибковым действием. Помимо антимикробных и противогрибковых свойств, Отивет оказывает также противовоспалительное и противоаллергическое действие.<br /><strong style=""color: rgb(4, 77, 39);"">ПОКАЗАНИЯ К ПРИМЕНЕНИЮ</strong><br />Препарат применяют для лечения собак и кошек при остром и хроническом наружном отите (воспалении наружного слухового прохода) и заболеваниях кожи (дерматитах, пиодермиях, дерматофитозах, инфицированных ранах и др.) бактериальной и грибковой этиологии, вызванных микроорганизмами чувствительными к препарату.<br /><strong style=""color: rgb(4, 77, 39);"">ПОРЯДОК ПРИМЕНЕНИЯ</strong><br />Перед применением флакон с препаратом взбалтывать до образования однородной суспензии. При отитах препарат закапывают в больное ухо по 3-5 капель. Предварительно ушные раковины и слуховой проход очищают от ушной серы. С целью равномерного распределения препарата основание ушной раковины массируют легкими движениями. Если после применения препарата животное трясет головой, следует в течение нескольких минут фиксировать голову для предотвращения выброса препарата из полости уха. Обработку следует проводить 2 раза в сутки до исчезновения клинических признаков заболевания и затем продолжить еще в течение 2-3 дней. Общий курс лечения не должен превышать 15 суток. В комплексной терапии отодектоза (ушная чесотка), осложненного отитом, препарат применяют в той же дозе и по той же схеме. При заболеваниях кожи препарат наносят на всю пораженную поверхность, предварительно удалив на пораженном и пограничном с ним участке волосяной покров, загрязнения, некротизированные ткани, гной и раневой экссудат. Обработку необходимо проводить 1-2 раза в сутки. Продолжительность лечения определяется ветеринарным специалистом, зависит от степени поражения и скорости заживления тканей, но не должна превышать 21 дня. <br /><strong style=""color: rgb(4, 77, 39);"">ФОРМА ВЫПУСКА </strong><br />Препарат выпускают расфасованным по 10; 15; 30 мл во флакон полиэтиленовый, закрытый пипеткой-вставкой полиэтиленовой и укупоренный крышкой закручивающейся.<br /><strong style=""color: rgb(4, 77, 39);"">СРОК ГОДНОСТИ И УСЛОВИЯ ХРАНЕНИЯ</strong><br />Препарат хранят в упаковке производителя при температуре от 2 °С до 25 °С. Препарат хранят отдельно от продуктов питания и кормов, в недоступном для детей месте. Препарат транспортируют, соблюдая условия хранения. <br />Срок годности – 2 года от даты производства, после вскрытия флакона - не более 3 месяцев при соблюдении условий хранения. <br /><strong style=""color: rgb(4, 77, 39);"">СОСТАВ</strong><br />Препарат содержит в 1,0 мл в качестве действующих веществ 23 мг миконазола нитрата, 0,53 мг полимиксина В сульфата и 5 мг преднизолона ацетата; вспомогательные вещества: кремния диоксид коллоидный, вазелиновое масло.";https://static.tildacdn.com/stor6662-3239-4133-b061-663033663063/d4c580acabd97806d666819c96e4df88.png;0;;;;;YR1pb05flkOhEjRMjhtc;;0;0;0;0
